{ 
"version": "0.0.1",
"infoFileName": "info.json",
"energiesFileName": "energies.bin",
"simFileName": "sim",
"e_tot_start": -3640469.750000,
"ang_mom_tot_start": 125507.328125,
"mom_tot_x_start": 0.000000,
"mom_tot_y_start": 0.000000,
"e_tot_end": -3225004.500000,
"ang_mom_tot_end": 125507.328125,
"mom_tot_x_end": 0.000000,
"mom_tot_y_end": -0.000000,
"numIteration": 10001,
"minSimulation": 2,
"potentials": [
{
"iteration": 0,
"fileName": "potentials0.bin",
"xSize": 201,
"ySize": 201
},
{
"iteration": 1000,
"fileName": "potentials1.bin",
"xSize": 201,
"ySize": 201
},
{
"iteration": 2000,
"fileName": "potentials2.bin",
"xSize": 201,
"ySize": 201
},
{
"iteration": 3000,
"fileName": "potentials3.bin",
"xSize": 201,
"ySize": 201
},
{
"iteration": 4000,
"fileName": "potentials4.bin",
"xSize": 201,
"ySize": 201
},
{
"iteration": 5000,
"fileName": "potentials5.bin",
"xSize": 201,
"ySize": 201
},
{
"iteration": 6000,
"fileName": "potentials6.bin",
"xSize": 201,
"ySize": 201
},
{
"iteration": 7000,
"fileName": "potentials7.bin",
"xSize": 201,
"ySize": 201
},
{
"iteration": 8000,
"fileName": "potentials8.bin",
"xSize": 201,
"ySize": 201
},
{
"iteration": 9000,
"fileName": "potentials9.bin",
"xSize": 201,
"ySize": 201
},
{
"iteration": 10000,
"fileName": "potentials10.bin",
"xSize": 201,
"ySize": 201
}]
}
